{"val/loss": 0.0786547139286995, "val/acc": 0.9787999987602234, "val/acc_best": 0.9814000129699707, "train/loss": 0.024013623595237732, "train/acc": 0.9923818111419678, "test/loss": 0.06972342729568481, "test/acc": 0.9814000129699707}